Date;News Headline;Ticker
6 min;Assurant: Q4 Earnings Snapshot AIZ Associated Press Finance;AIZ
6 min;USA Compression Partners Announces Filing of 2024 Annual Report on Form 10-K USAC Business Wire;USAC
7 min;Arcus Biosciences Announces New Employment Inducement Grants RCUS Business Wire;RCUS
9 min;Mexican telecoms giant America Movil posts 48% dip in fourth-quarter profit AMX Reuters;AMX
9 min;Allison Transmission: Q4 Earnings Snapshot ALSN Associated Press Finance;ALSN
9 min;Mercury General: Q4 Earnings Snapshot MCY Associated Press Finance;MCY
9 min;Welltower: Q4 Earnings Snapshot WELL Associated Press Finance;WELL
9 min;BlackLine: Q4 Earnings Snapshot BL Associated Press Finance;BL
9 min;American International Group: Q4 Earnings Snapshot AIG Associated Press Finance;AIG
11 min;Gilead Soars Into Buy Zone After Obliterating Fourth-Quarter Expectations GILD Investor's Business Daily;GILD
12 min;Meta stock closes higher for 17th straight session META Investing.com;META
12 min;Tesla's valuation 'challenged' without delivery on promises TSLA -6.34% Yahoo Finance Video;TSLA
12 min;iHeartMedia, Inc. to Report Quarterly and Annual Financial Results on February 27, 2025 IHRT Business Wire;IHRT
12 min;Acadia Realty Trust Reports Fourth Quarter and Full Year 2024 Operating Results AKR Business Wire;AKR
12 min;Uber CEO to Participate in Fireside Chat Hosted by Morgan Stanley UBER Business Wire;UBER
12 min;Chimera Declares First Quarter 2025 Preferred Stock Dividends CIM Business Wire;CIM
12 min;Granite's $78 Million Road Congestion Relief Project in Anaheim, California GVA Business Wire;GVA
12 min;Baxter Declares Quarterly Dividend BAX Business Wire;BAX
12 min;HF Sinclair Corporation Announces Partial Redemption of its 5.875% Senior Notes due 2026 DINO Business Wire;DINO
12 min;Levi Strauss & Co. Announces Strategic Leadership Changes to Accelerate Its Shift to a Best-in-Class, Denim Lifestyle Retailer LEVI Business Wire;LEVI
12 min;Victory Capital Reports January 2025 Total Client Assets VCTR Business Wire;VCTR
12 min;Tennant Company Declares Regular Quarterly Cash Dividend TNC Business Wire;TNC
12 min;Chemours Appoints Leslie M. Turner to its Board of Directors CC Business Wire;CC
12 min;NCR Voyix Appoints Darren Wilson as EVP & President, Retail and Payments VYX Business Wire;VYX
12 min;CrowdStrike Announces Date of Fourth Quarter and Fiscal Year 2025 Financial Results Conference Call CRWD Business Wire;CRWD
12 min;e.l.f. Beauty to Present at 2025 Consumer Analyst Group of New York (CAGNY) Conference ELF Business Wire;ELF
12 min;On to Release Fourth Quarter and Full Year 2024 Results on Tuesday, March 4, 2025 ONON Business Wire;ONON
12 min;Ingersoll Rand Sets Industry Standards for Sustainable Progress IR GlobeNewswire;IR
12 min;Supernus Pharmaceuticals to Host Conference Call and Webcast on February 25, 2025, to Discuss Fourth Quarter and Full Year 2024 Financial Results SUPN GlobeNewswire;SUPN
12 min;CommScope and NCTC Announce Enhanced Collaboration to Support Independent Service Providers COMM PR Newswire;COMM
12 min;Quaker Houghton Announces Fourth Quarter and Full Year 2024 Earnings and Investor Call KWR PR Newswire;KWR
12 min;QuickLogic to Report Fourth Quarter Fiscal 2024 Financial Results on Tuesday, February 25 QUIK -6.43% PR Newswire;QUIK
12 min;Upstart blows past Q4 expectations, issues upbeat outlook UPST -5.07% Yahoo Finance Video;UPST
13 min;Edwards Beats Fourth-Quarter Forecasts, But Shares Slip EW Investor's Business Daily;EW
13 min;Franklin Street Properties Corp. Announces Fourth Quarter and Full Year 2024 Results FSP Business Wire;FSP
14 min;Monarch Casino: Q4 Earnings Snapshot MCRI Associated Press Finance;MCRI
14 min;Pitney Bowes: Q4 Earnings Snapshot PBI Associated Press Finance;PBI
14 min;"Marriott Misses On Guidance; Hyatt Plans $2.6 Billion Resort Deal H HLT PLYA WH Investor's Business Daily";H
14 min;Super Micro stock seesaws as server maker says it will meet filing deadline SMCI -9.47% DELL NVDA Yahoo Finance;SMCI
15 min;Onestream: Q4 Earnings Snapshot OS Associated Press Finance;OS
16 min;DoorDash Stock Gains As 25% Sales Growth, Outlook Top Estimates DASH Investor's Business Daily;DASH
16 min;Outbrain Announces Closing of New Senior Secured Notes Due 2030 OB GlobeNewswire;OB
16 min;Will Apple's AI Partnership With Alibaba Solve Its China Problem? Here's What Analysts Think AAPL BABA Investopedia;AAPL
16 min;Nexa Reports Fourth Quarter 2024 Exploration Results NEXA Newsfile;NEXA
16 min;Freshworks forecasts annual revenue above estimates on steady software demand FRSH Reuters;FRSH
17 min;Carvana to open sixth auto reconditioning facility CVNA Chain Store Age;CVNA
18 min;Ivanhoe Electric Announces Public Offering of Units IE -5.14% Newsfile;IE
19 min;POET's Chairman & CEO Provides Business Update POET GlobeNewswire;POET
20 min;Red Rock Resorts: Q4 Earnings Snapshot RRR Associated Press Finance;RRR
20 min;Confluent: Q4 Earnings Snapshot CFLT Associated Press Finance;CFLT
20 min;Exelixis: Q4 Earnings Snapshot EXEL Associated Press Finance;EXEL
20 min;Anterix: Fiscal Q3 Earnings Snapshot ATEX +26.79% Associated Press Finance;ATEX
20 min;Google Calendar users no longer see default entries for events like Pride, Black History Month GOOGL GOOG Associated Press Finance;GOOGL
21 min;Lyft stock falls on earnings, outlook LYFT Yahoo Finance Video;LYFT
21 min;How major US stock indexes fared Tuesday, 2/11/2025 COMP Associated Press Finance;COMP
22 min;InvenTrust Properties Corp. Reports 2024 Fourth Quarter and Full Year Results IVT Business Wire;IVT
22 min;ARMOUR Residential REIT, Inc. Announces March 2025 Dividend Rate per Common Share ARR GlobeNewswire;ARR
22 min;TEGNA Announces Quarterly Dividend TGNA GlobeNewswire;TGNA
22 min;Aimco Announces Fourth Quarter 2024 Earnings Date AIV PR Newswire;AIV
24 min;Sensata: Q4 Earnings Snapshot ST Associated Press Finance;ST
24 min;Delivery platform DoorDash tops Q4 revenue, orders estimates DASH Yahoo Finance Video;DASH
25 min;United Fire: Q4 Earnings Snapshot UFCS Associated Press Finance;UFCS
26 min;Meta's Record-Smashing Rally Reaches 17th Day Amid AI Push META Investor's Business Daily;META
26 min;AIG Reports Outstanding Fourth Quarter and Full Year 2024 Results AIG Business Wire;AIG
26 min;Diodes Incorporated Reports Fourth Quarter and Fiscal 2024 Financial Results DIOD Business Wire;DIOD
26 min;Artisan Partners Asset Management Inc. Reports January 2025 Assets Under Management APAM GlobeNewswire;APAM
27 min;Gladstone Capital Corporation Reports Financial Results for its First Quarter Ended December 31, 2024 GLAD ACCESSWIRE;GLAD
27 min;Grove Collaborative Announces Asset Purchase Agreement with Grab Green GROV Business Wire;GROV
27 min;Insteel Industries Declares Quarterly Cash Dividend IIIN +10.31% Business Wire;IIIN
27 min;Cummins Inc. Declares Quarterly Common Stock Dividend CMI Business Wire;CMI
27 min;Edwards Lifesciences Reports Fourth Quarter Results EW Business Wire;EW
27 min;Eversource Energy Reports Full-Year & Fourth Quarter 2024 Results ES Business Wire;ES
27 min;Wolverine Worldwide Appoints Brett Parent as Chief Strategy Officer WWW Business Wire;WWW
27 min;Energy Transfer Reports Fourth Quarter 2024 Results and Announces 2025 Outlook ET Business Wire;ET
27 min;Brighthouse Financial Announces Fourth Quarter and Full Year 2024 Results BHF Business Wire;BHF
27 min;Similarweb Announces Fourth Quarter and Fiscal Year 2024 Results SMWB Business Wire;SMWB
27 min;Ooma Schedules Release of Fourth Quarter & Fiscal 2025 Results OOMA Business Wire;OOMA
27 min;Fortive to Present at Citi Global Industrial Tech & Mobility Conference FTV Business Wire;FTV
27 min;Assurant Reports Fourth Quarter 2024 and Full-Year Financial Results AIZ Business Wire;AIZ
27 min;Intercontinental Exchange and Reddit Collaborate to Create and Distribute Data Products for Capital Markets ICE Business Wire;ICE
27 min;Primerica Reports Fourth Quarter 2024 Results PRI Business Wire;PRI
27 min;Fortive to Present at Barclays Industrial Select Conference FTV Business Wire;FTV
27 min;Precision Optics Schedules Second Quarter of Fiscal Year 2025 Conference Call for February 13, 2025 POCI GlobeNewswire;POCI
27 min;California Water Service Partners with Walmart to Expand Payment Options for Cash- and Debit Card-Paying Customers CWT GlobeNewswire;CWT
27 min;Forafric Adopts New Balance Sheet Strengthening Strategy AFRI GlobeNewswire;AFRI
27 min;Highwoods Announces Availability of Fourth Quarter and Full Year 2024 Results HIW GlobeNewswire;HIW
27 min;Evolution Petroleum Reports Fiscal Second Quarter 2025 Results and Declares Quarterly Cash Dividend for Fiscal Third Quarter EPM GlobeNewswire;EPM
27 min;ARMOUR Residential REIT, Inc. Fourth Quarter 2024 Webcast Scheduled for February 13, 2025 ARR GlobeNewswire;ARR
27 min;Kite Realty Group Reports Fourth Quarter and Full Year 2024 Operating Results and Provides 2025 Guidance KRG GlobeNewswire;KRG
27 min;Jazz Pharmaceuticals to Report 2024 Full Year and Fourth Quarter Financial Results on February 25, 2025 JAZZ +5.24% PR Newswire;JAZZ
